quarantine_id,run_id,dataset,quarantine_timestamp,error_reasons,order_id,customer_id,product_id,quantity,unit_price,discount_rate,total_amount,order_date,order_status,payment_method
Q-pipe-20260817170515-c0ef-orders-00000,pipe-20260817170515-c0ef,orders,2026-08-17T17:05:16.283755,duplicate order_id,ORD-0003075,CUST-000209,P-PRD-105,1,4500.0,0.05,4275.0,2026-08-12 06:50:12,Cancelled,Debit Card
Q-pipe-20260817170515-c0ef-orders-00001,pipe-20260817170515-c0ef,orders,2026-08-17T17:05:16.283755,unit_price must be greater than 0,ORD-0000515,CUST-000417,P-PRD-108,5,-750.0,0.0,-3750.0,2026-05-15 19:07:43,Processing,Cash on Delivery
Q-pipe-20260817170515-c0ef-orders-00002,pipe-20260817170515-c0ef,orders,2026-08-17T17:05:16.283755,customer_id is null | orphaned customer_id (not in customer master),ORD-0000517,,P-PRD-102,1,899.0,0.0,899.0,2026-08-04 17:46:54,Shipped,Wallet
Q-pipe-20260817170515-c0ef-orders-00003,pipe-20260817170515-c0ef,orders,2026-08-17T17:05:16.283755,invalid or unparseable order_date format,ORD-0002563,CUST-000221,P-PRD-112,2,179.0,0.0,358.0,2026-99-99 25:99:99,Refunded,Cash on Delivery
Q-pipe-20260817170515-c0ef-orders-00004,pipe-20260817170515-c0ef,orders,2026-08-17T17:05:16.283755,invalid or unparseable order_date format,ORD-0003588,CUST-000330,P-PRD-106,1,1200.0,0.1,1080.0,2026-99-99 25:99:99,Pending,Net Banking
Q-pipe-20260817170515-c0ef-orders-00005,pipe-20260817170515-c0ef,orders,2026-08-17T17:05:16.283755,duplicate order_id,ORD-0000008,CUST-000032,P-PRD-109,4,550.0,0.15,1870.0,2026-04-04 15:52:46,Refunded,Net Banking
Q-pipe-20260817170515-c0ef-orders-00006,pipe-20260817170515-c0ef,orders,2026-08-17T17:05:16.283755,quantity must be greater than 0,ORD-0001033,CUST-000256,P-PRD-106,0,1200.0,0.2,0.0,2026-06-03 02:39:22,Cancelled,Cash on Delivery
Q-pipe-20260817170515-c0ef-orders-00007,pipe-20260817170515-c0ef,orders,2026-08-17T17:05:16.283755,orphaned customer_id (not in customer master),ORD-0004100,CUST-ORPHAN-957109,P-PRD-106,10,1200.0,0.0,12000.0,2026-02-25 00:21:57,Pending,Cash on Delivery
Q-pipe-20260817170515-c0ef-orders-00008,pipe-20260817170515-c0ef,orders,2026-08-17T17:05:16.283755,unit_price must be greater than 0,ORD-0000523,CUST-000407,P-PRD-111,2,-249.0,0.1,-498.0,2026-02-23 10:49:03,Completed,Credit Card
Q-pipe-20260817170515-c0ef-orders-00009,pipe-20260817170515-c0ef,orders,2026-08-17T17:05:16.283755,order_status not in allowed business statuses,ORD-0003081,CUST-000036,P-PRD-107,2,199.0,0.15,338.3,2026-06-05 17:24:44,UNKNOWN_ERROR_STATUS,Wallet
Q-pipe-20260817170515-c0ef-orders-00010,pipe-20260817170515-c0ef,orders,2026-08-17T17:05:16.283755,duplicate order_id,ORD-0002978,CUST-000475,P-PRD-106,1,1200.0,0.0,1200.0,2026-07-13 21:03:09,Shipped,Cash on Delivery
Q-pipe-20260817170515-c0ef-orders-00011,pipe-20260817170515-c0ef,orders,2026-08-17T17:05:16.283755,order_status not in allowed business statuses,ORD-0002067,CUST-000286,P-PRD-112,3,179.0,0.0,537.0,2026-04-24 06:16:07,UNKNOWN_ERROR_STATUS,Credit Card
Q-pipe-20260817170515-c0ef-orders-00012,pipe-20260817170515-c0ef,orders,2026-08-17T17:05:16.283755,order_status not in allowed business statuses,ORD-0002071,CUST-000204,P-PRD-104,1,299.0,0.0,299.0,2026-08-01 23:08:40,UNKNOWN_ERROR_STATUS,Debit Card
Q-pipe-20260817170515-c0ef-orders-00013,pipe-20260817170515-c0ef,orders,2026-08-17T17:05:16.283755,duplicate order_id,ORD-0000537,CUST-000152,P-PRD-110,1,3500.0,0.1,3150.0,2026-07-24 23:16:29,Cancelled,Wallet
Q-pipe-20260817170515-c0ef-orders-00014,pipe-20260817170515-c0ef,orders,2026-08-17T17:05:16.283755,unit_price must be greater than 0,ORD-0001050,CUST-000166,P-PRD-104,1,-299.0,0.0,-299.0,2026-02-21 15:59:06,Cancelled,Debit Card
Q-pipe-20260817170515-c0ef-orders-00015,pipe-20260817170515-c0ef,orders,2026-08-17T17:05:16.283755,unit_price must be greater than 0,ORD-0003097,CUST-000214,P-PRD-107,1,-199.0,0.1,-199.0,2026-05-29 23:17:29,Cancelled,Cash on Delivery
Q-pipe-20260817170515-c0ef-orders-00016,pipe-20260817170515-c0ef,orders,2026-08-17T17:05:16.283755,unit_price must be greater than 0,ORD-0003612,CUST-000428,P-PRD-111,1,-249.0,0.0,-249.0,2026-04-04 07:15:59,Completed,Credit Card
Q-pipe-20260817170515-c0ef-orders-00017,pipe-20260817170515-c0ef,orders,2026-08-17T17:05:16.283755,quantity must be greater than 0,ORD-0001058,CUST-000315,P-PRD-110,-5,3500.0,0.0,-17500.0,2026-04-24 21:30:53,Pending,Wallet
Q-pipe-20260817170515-c0ef-orders-00018,pipe-20260817170515-c0ef,orders,2026-08-17T17:05:16.283755,duplicate order_id,ORD-0003075,CUST-000071,P-PRD-103,5,189.0,0.1,850.5,2026-07-04 13:00:05,Pending,Debit Card
Q-pipe-20260817170515-c0ef-orders-00019,pipe-20260817170515-c0ef,orders,2026-08-17T17:05:16.283755,duplicate order_id,ORD-0000313,CUST-000350,P-PRD-109,1,550.0,0.05,522.5,2026-08-16 01:17:55,Shipped,Credit Card
Q-pipe-20260817170515-c0ef-orders-00020,pipe-20260817170515-c0ef,orders,2026-08-17T17:05:16.283755,unit_price must be greater than 0,ORD-0002088,CUST-000475,P-PRD-101,2,-2499.0,0.0,-4998.0,2026-04-13 23:11:47,Pending,Credit Card
Q-pipe-20260817170515-c0ef-orders-00021,pipe-20260817170515-c0ef,orders,2026-08-17T17:05:16.283755,duplicate order_id,ORD-0000070,CUST-000100,P-PRD-106,1,1200.0,0.1,1080.0,2026-07-19 04:36:26,Refunded,Credit Card
Q-pipe-20260817170515-c0ef-orders-00022,pipe-20260817170515-c0ef,orders,2026-08-17T17:05:16.283755,invalid or unparseable order_date format,ORD-0001071,CUST-000389,P-PRD-107,1,199.0,0.0,199.0,2026-99-99 25:99:99,Shipped,Net Banking
Q-pipe-20260817170515-c0ef-orders-00023,pipe-20260817170515-c0ef,orders,2026-08-17T17:05:16.283755,invalid or unparseable order_date format,ORD-0003119,CUST-000451,P-PRD-103,1,189.0,0.0,189.0,2026-99-99 25:99:99,Shipped,Cash on Delivery
Q-pipe-20260817170515-c0ef-orders-00024,pipe-20260817170515-c0ef,orders,2026-08-17T17:05:16.283755,orphaned customer_id (not in customer master),ORD-0000561,CUST-ORPHAN-975304,P-PRD-112,2,179.0,0.05,340.1,2026-03-29 22:57:31,Pending,Credit Card
Q-pipe-20260817170515-c0ef-orders-00025,pipe-20260817170515-c0ef,orders,2026-08-17T17:05:16.283755,quantity must be greater than 0,ORD-0002611,CUST-000303,P-PRD-103,0,189.0,0.2,0.0,2026-05-07 12:50:52,Shipped,Net Banking
Q-pipe-20260817170515-c0ef-orders-00026,pipe-20260817170515-c0ef,orders,2026-08-17T17:05:16.283755,unit_price must be greater than 0,ORD-0001590,CUST-000478,P-PRD-104,1,-299.0,0.05,-299.0,2026-08-11 18:11:36,Shipped,Debit Card
Q-pipe-20260817170515-c0ef-orders-00027,pipe-20260817170515-c0ef,orders,2026-08-17T17:05:16.283755,quantity must be greater than 0,ORD-0001591,CUST-000373,P-PRD-104,0,299.0,0.15,0.0,2026-08-15 13:23:01,Processing,UPI
Q-pipe-20260817170515-c0ef-orders-00028,pipe-20260817170515-c0ef,orders,2026-08-17T17:05:16.283755,order_status not in allowed business statuses,ORD-0003639,CUST-000138,P-PRD-111,1,249.0,0.0,249.0,2026-08-10 00:58:22,UNKNOWN_ERROR_STATUS,Net Banking
Q-pipe-20260817170515-c0ef-orders-00029,pipe-20260817170515-c0ef,orders,2026-08-17T17:05:16.283755,order_status not in allowed business statuses,ORD-0003641,CUST-000285,P-PRD-105,2,4500.0,0.0,9000.0,2026-04-12 18:12:10,UNKNOWN_ERROR_STATUS,Wallet
Q-pipe-20260817170515-c0ef-orders-00030,pipe-20260817170515-c0ef,orders,2026-08-17T17:05:16.283755,order_status not in allowed business statuses,ORD-0002622,CUST-000405,P-PRD-101,2,2499.0,0.05,4748.1,2026-05-29 23:17:09,UNKNOWN_ERROR_STATUS,Net Banking
Q-pipe-20260817170515-c0ef-orders-00031,pipe-20260817170515-c0ef,orders,2026-08-17T17:05:16.283755,order_status not in allowed business statuses,ORD-0001090,CUST-000204,P-PRD-109,1,550.0,0.0,550.0,2026-06-11 03:00:44,UNKNOWN_ERROR_STATUS,Credit Card
Q-pipe-20260817170515-c0ef-orders-00032,pipe-20260817170515-c0ef,orders,2026-08-17T17:05:16.283755,duplicate order_id,ORD-0000070,CUST-000197,P-PRD-109,2,550.0,0.0,1100.0,2026-08-13 10:59:27,Shipped,Cash on Delivery
Q-pipe-20260817170515-c0ef-orders-00033,pipe-20260817170515-c0ef,orders,2026-08-17T17:05:16.283755,invalid or unparseable order_date format,ORD-0001097,CUST-000086,P-PRD-103,1,189.0,0.0,189.0,2026-99-99 25:99:99,Shipped,UPI
Q-pipe-20260817170515-c0ef-orders-00034,pipe-20260817170515-c0ef,orders,2026-08-17T17:05:16.283755,duplicate order_id,ORD-0000587,CUST-000097,P-PRD-109,2,550.0,0.1,990.0,2026-07-03 12:27:38,Refunded,Wallet
Q-pipe-20260817170515-c0ef-orders-00035,pipe-20260817170515-c0ef,orders,2026-08-17T17:05:16.283755,invalid or unparseable order_date format,ORD-0003578,CUST-000358,P-PRD-112,1,179.0,0.0,179.0,2026-99-99 25:99:99,Cancelled,Cash on Delivery
Q-pipe-20260817170515-c0ef-orders-00036,pipe-20260817170515-c0ef,orders,2026-08-17T17:05:16.283755,unit_price must be greater than 0,ORD-0003666,CUST-000223,P-PRD-103,1,-189.0,0.05,-189.0,2026-07-10 12:41:12,Pending,Net Banking
Q-pipe-20260817170515-c0ef-orders-00037,pipe-20260817170515-c0ef,orders,2026-08-17T17:05:16.283755,quantity must be greater than 0,ORD-0004700,CUST-000436,P-PRD-102,-1,899.0,0.0,-899.0,2026-05-10 15:14:19,Shipped,Cash on Delivery
Q-pipe-20260817170515-c0ef-orders-00038,pipe-20260817170515-c0ef,orders,2026-08-17T17:05:16.283755,order_status not in allowed business statuses,ORD-0002141,CUST-000459,P-PRD-102,2,899.0,0.0,1798.0,2026-05-10 13:41:28,UNKNOWN_ERROR_STATUS,Credit Card
Q-pipe-20260817170515-c0ef-orders-00039,pipe-20260817170515-c0ef,orders,2026-08-17T17:05:16.283755,order_status not in allowed business statuses,ORD-0001118,CUST-000240,P-PRD-106,1,1200.0,0.0,1200.0,2026-06-04 09:52:57,UNKNOWN_ERROR_STATUS,Wallet
Q-pipe-20260817170515-c0ef-orders-00040,pipe-20260817170515-c0ef,orders,2026-08-17T17:05:16.283755,quantity must be greater than 0,ORD-0001120,CUST-000279,P-PRD-110,0,3500.0,0.0,0.0,2026-05-29 21:40:22,Shipped,Cash on Delivery
Q-pipe-20260817170515-c0ef-orders-00041,pipe-20260817170515-c0ef,orders,2026-08-17T17:05:16.283755,customer_id is null | orphaned customer_id (not in customer master),ORD-0004194,,P-PRD-105,1,4500.0,0.1,4050.0,2026-04-27 01:34:53,Shipped,Net Banking
Q-pipe-20260817170515-c0ef-orders-00042,pipe-20260817170515-c0ef,orders,2026-08-17T17:05:16.283755,orphaned customer_id (not in customer master),ORD-0004706,CUST-ORPHAN-978795,P-PRD-112,1,179.0,0.05,170.05,2026-03-16 20:14:25,Cancelled,Cash on Delivery
Q-pipe-20260817170515-c0ef-orders-00043,pipe-20260817170515-c0ef,orders,2026-08-17T17:05:16.283755,unit_price must be greater than 0,ORD-0001636,CUST-000326,P-PRD-103,1,-189.0,0.0,-189.0,2026-06-25 19:49:13,Shipped,Wallet
Q-pipe-20260817170515-c0ef-orders-00044,pipe-20260817170515-c0ef,orders,2026-08-17T17:05:16.283755,duplicate order_id,ORD-0000103,CUST-000392,P-PRD-111,2,249.0,0.0,498.0,2026-08-16 09:00:58,Refunded,Debit Card
Q-pipe-20260817170515-c0ef-orders-00045,pipe-20260817170515-c0ef,orders,2026-08-17T17:05:16.283755,duplicate order_id,ORD-0000233,CUST-000410,P-PRD-109,1,550.0,0.0,550.0,2026-05-09 01:01:40,Processing,Cash on Delivery
Q-pipe-20260817170515-c0ef-orders-00046,pipe-20260817170515-c0ef,orders,2026-08-17T17:05:16.283755,orphaned customer_id (not in customer master),ORD-0000109,CUST-ORPHAN-950197,P-PRD-112,1,179.0,0.05,170.05,2026-02-18 18:41:28,Completed,Debit Card
Q-pipe-20260817170515-c0ef-orders-00047,pipe-20260817170515-c0ef,orders,2026-08-17T17:05:16.283755,customer_id is null | orphaned customer_id (not in customer master),ORD-0004718,,P-PRD-104,1,299.0,0.0,299.0,2026-06-12 04:43:25,Shipped,UPI
Q-pipe-20260817170515-c0ef-orders-00048,pipe-20260817170515-c0ef,orders,2026-08-17T17:05:16.283755,orphaned customer_id (not in customer master),ORD-0003182,CUST-ORPHAN-916960,P-PRD-110,2,3500.0,0.05,6650.0,2026-06-08 10:38:31,Pending,Credit Card
Q-pipe-20260817170515-c0ef-orders-00049,pipe-20260817170515-c0ef,orders,2026-08-17T17:05:16.283755,order_status not in allowed business statuses,ORD-0002160,CUST-000379,P-PRD-101,2,2499.0,0.05,4748.1,2026-06-05 18:46:37,UNKNOWN_ERROR_STATUS,Debit Card
Q-pipe-20260817170515-c0ef-orders-00050,pipe-20260817170515-c0ef,orders,2026-08-17T17:05:16.283755,orphaned customer_id (not in customer master),ORD-0000115,CUST-ORPHAN-983354,P-PRD-104,2,299.0,0.0,598.0,2026-04-21 22:34:11,Completed,Net Banking
Q-pipe-20260817170515-c0ef-orders-00051,pipe-20260817170515-c0ef,orders,2026-08-17T17:05:16.283755,orphaned customer_id (not in customer master),ORD-0001654,CUST-ORPHAN-999922,P-PRD-110,2,3500.0,0.1,6300.0,2026-07-10 05:57:36,Pending,Debit Card
Q-pipe-20260817170515-c0ef-orders-00052,pipe-20260817170515-c0ef,orders,2026-08-17T17:05:16.283755,invalid or unparseable order_date format,ORD-0001657,CUST-000209,P-PRD-104,1,299.0,0.05,284.05,2026-99-99 25:99:99,Processing,Credit Card
Q-pipe-20260817170515-c0ef-orders-00053,pipe-20260817170515-c0ef,orders,2026-08-17T17:05:16.283755,invalid or unparseable order_date format,ORD-0003707,CUST-000014,P-PRD-106,1,1200.0,0.0,1200.0,2026-99-99 25:99:99,Pending,Cash on Delivery
Q-pipe-20260817170515-c0ef-orders-00054,pipe-20260817170515-c0ef,orders,2026-08-17T17:05:16.283755,unit_price must be greater than 0,ORD-0004223,CUST-000292,P-PRD-107,5,-199.0,0.0,-995.0,2026-04-13 06:32:35,Pending,Cash on Delivery
Q-pipe-20260817170515-c0ef-orders-00055,pipe-20260817170515-c0ef,orders,2026-08-17T17:05:16.283755,invalid or unparseable order_date format,ORD-0002687,CUST-000010,P-PRD-110,1,3500.0,0.15,2975.0,2026-99-99 25:99:99,Processing,Debit Card
Q-pipe-20260817170515-c0ef-orders-00056,pipe-20260817170515-c0ef,orders,2026-08-17T17:05:16.283755,customer_id is null | orphaned customer_id (not in customer master),ORD-0003201,,P-PRD-101,1,2499.0,0.0,2499.0,2026-04-30 19:25:58,Completed,UPI
Q-pipe-20260817170515-c0ef-orders-00057,pipe-20260817170515-c0ef,orders,2026-08-17T17:05:16.283755,orphaned customer_id (not in customer master),ORD-0004736,CUST-ORPHAN-985387,P-PRD-112,1,179.0,0.0,179.0,2026-04-06 00:56:15,Refunded,Net Banking
Q-pipe-20260817170515-c0ef-orders-00058,pipe-20260817170515-c0ef,orders,2026-08-17T17:05:16.283755,order_status not in allowed business statuses,ORD-0000642,CUST-000359,P-PRD-106,4,1200.0,0.05,4560.0,2026-07-05 01:41:39,UNKNOWN_ERROR_STATUS,Net Banking
Q-pipe-20260817170515-c0ef-orders-00059,pipe-20260817170515-c0ef,orders,2026-08-17T17:05:16.283755,order_status not in allowed business statuses,ORD-0002693,CUST-000142,P-PRD-112,1,179.0,0.0,179.0,2026-04-09 21:43:04,UNKNOWN_ERROR_STATUS,Net Banking
Q-pipe-20260817170515-c0ef-orders-00060,pipe-20260817170515-c0ef,orders,2026-08-17T17:05:16.283755,duplicate order_id,ORD-0000008,CUST-000402,P-PRD-108,1,750.0,0.0,750.0,2026-05-12 07:13:41,Processing,Debit Card
Q-pipe-20260817170515-c0ef-orders-00061,pipe-20260817170515-c0ef,orders,2026-08-17T17:05:16.283755,quantity must be greater than 0,ORD-0000646,CUST-000260,P-PRD-102,-2,899.0,0.05,-1798.0,2026-07-09 04:59:06,Shipped,Cash on Delivery
Q-pipe-20260817170515-c0ef-orders-00062,pipe-20260817170515-c0ef,orders,2026-08-17T17:05:16.283755,quantity must be greater than 0,ORD-0001166,CUST-000419,P-PRD-103,-3,189.0,0.0,-567.0,2026-06-11 16:45:00,Shipped,Credit Card
Q-pipe-20260817170515-c0ef-orders-00063,pipe-20260817170515-c0ef,orders,2026-08-17T17:05:16.283755,invalid or unparseable order_date format,ORD-0004751,CUST-000078,P-PRD-109,3,550.0,0.0,1650.0,2026-99-99 25:99:99,Processing,Wallet
Q-pipe-20260817170515-c0ef-orders-00064,pipe-20260817170515-c0ef,orders,2026-08-17T17:05:16.283755,order_status not in allowed business statuses,ORD-0000144,CUST-000419,P-PRD-103,1,189.0,0.05,179.55,2026-05-04 21:43:27,UNKNOWN_ERROR_STATUS,Cash on Delivery
Q-pipe-20260817170515-c0ef-orders-00065,pipe-20260817170515-c0ef,orders,2026-08-17T17:05:16.283755,customer_id is null | orphaned customer_id (not in customer master),ORD-0000660,,P-PRD-105,2,4500.0,0.0,9000.0,2026-05-31 06:35:30,Pending,Wallet
Q-pipe-20260817170515-c0ef-orders-00066,pipe-20260817170515-c0ef,orders,2026-08-17T17:05:16.283755,invalid or unparseable order_date format,ORD-0004756,CUST-000469,P-PRD-107,1,199.0,0.15,169.15,2026-99-99 25:99:99,Completed,Cash on Delivery
Q-pipe-20260817170515-c0ef-orders-00067,pipe-20260817170515-c0ef,orders,2026-08-17T17:05:16.283755,duplicate order_id,ORD-0001292,CUST-000474,P-PRD-109,1,550.0,0.2,440.0,2026-03-28 13:32:04,Processing,Credit Card
Q-pipe-20260817170515-c0ef-orders-00068,pipe-20260817170515-c0ef,orders,2026-08-17T17:05:16.283755,duplicate order_id,ORD-0002713,CUST-000210,P-PRD-102,4,899.0,0.0,3596.0,2026-05-15 10:34:28,Pending,Cash on Delivery
Q-pipe-20260817170515-c0ef-orders-00069,pipe-20260817170515-c0ef,orders,2026-08-17T17:05:16.283755,unit_price must be greater than 0,ORD-0001689,CUST-000189,P-PRD-101,3,-2499.0,0.0,-7497.0,2026-06-11 10:50:15,Shipped,Wallet
Q-pipe-20260817170515-c0ef-orders-00070,pipe-20260817170515-c0ef,orders,2026-08-17T17:05:16.283755,orphaned customer_id (not in customer master),ORD-0004764,CUST-ORPHAN-983714,P-PRD-103,2,189.0,0.0,378.0,2026-04-03 01:58:02,Refunded,Cash on Delivery
Q-pipe-20260817170515-c0ef-orders-00071,pipe-20260817170515-c0ef,orders,2026-08-17T17:05:16.283755,invalid or unparseable order_date format,ORD-0002208,CUST-000191,P-PRD-110,1,3500.0,0.0,3500.0,2026-99-99 25:99:99,Completed,Debit Card
Q-pipe-20260817170515-c0ef-orders-00072,pipe-20260817170515-c0ef,orders,2026-08-17T17:05:16.283755,invalid or unparseable order_date format,ORD-0003233,CUST-000087,P-PRD-105,3,4500.0,0.0,13500.0,2026-99-99 25:99:99,Refunded,Cash on Delivery
Q-pipe-20260817170515-c0ef-orders-00073,pipe-20260817170515-c0ef,orders,2026-08-17T17:05:16.283755,duplicate order_id,ORD-0004258,CUST-000004,P-PRD-102,1,899.0,0.0,899.0,2026-05-22 07:32:01,Cancelled,Wallet
Q-pipe-20260817170515-c0ef-orders-00074,pipe-20260817170515-c0ef,orders,2026-08-17T17:05:16.283755,orphaned customer_id (not in customer master),ORD-0001184,CUST-ORPHAN-905847,P-PRD-106,5,1200.0,0.15,5100.0,2026-05-25 10:13:29,Processing,Wallet
Q-pipe-20260817170515-c0ef-orders-00075,pipe-20260817170515-c0ef,orders,2026-08-17T17:05:16.283755,unit_price must be greater than 0,ORD-0002724,CUST-000086,P-PRD-109,2,-550.0,0.0,-1100.0,2026-05-20 07:03:05,Pending,UPI
Q-pipe-20260817170515-c0ef-orders-00076,pipe-20260817170515-c0ef,orders,2026-08-17T17:05:16.283755,duplicate order_id,ORD-0001195,CUST-000215,P-PRD-105,3,4500.0,0.05,12825.0,2026-06-18 20:45:53,Pending,Credit Card
Q-pipe-20260817170515-c0ef-orders-00077,pipe-20260817170515-c0ef,orders,2026-08-17T17:05:16.283755,quantity must be greater than 0,ORD-0002731,CUST-000422,P-PRD-109,0,550.0,0.05,0.0,2026-05-01 15:57:54,Refunded,Cash on Delivery
Q-pipe-20260817170515-c0ef-orders-00078,pipe-20260817170515-c0ef,orders,2026-08-17T17:05:16.283755,unit_price must be greater than 0,ORD-0001707,CUST-000359,P-PRD-106,2,-1200.0,0.0,-2400.0,2026-04-02 04:21:57,Processing,Credit Card
Q-pipe-20260817170515-c0ef-orders-00079,pipe-20260817170515-c0ef,orders,2026-08-17T17:05:16.283755,unit_price must be greater than 0,ORD-0004785,CUST-000202,P-PRD-107,2,-199.0,0.1,-398.0,2026-06-19 02:40:29,Completed,Debit Card
Q-pipe-20260817170515-c0ef-orders-00080,pipe-20260817170515-c0ef,orders,2026-08-17T17:05:16.283755,quantity must be greater than 0,ORD-0000692,CUST-000012,P-PRD-102,0,899.0,0.0,0.0,2026-08-17 09:17:57,Shipped,Net Banking
Q-pipe-20260817170515-c0ef-orders-00081,pipe-20260817170515-c0ef,orders,2026-08-17T17:05:16.283755,orphaned customer_id (not in customer master),ORD-0000182,CUST-ORPHAN-973591,P-PRD-108,1,750.0,0.0,750.0,2026-07-28 07:32:51,Cancelled,Credit Card
Q-pipe-20260817170515-c0ef-orders-00082,pipe-20260817170515-c0ef,orders,2026-08-17T17:05:16.283755,orphaned customer_id (not in customer master),ORD-0004792,CUST-ORPHAN-931500,P-PRD-105,1,4500.0,0.1,4050.0,2026-06-30 01:27:47,Cancelled,Debit Card
Q-pipe-20260817170515-c0ef-orders-00083,pipe-20260817170515-c0ef,orders,2026-08-17T17:05:16.283755,invalid or unparseable order_date format,ORD-0000697,CUST-000243,P-PRD-102,1,899.0,0.15,764.15,2026-99-99 25:99:99,Refunded,Net Banking
Q-pipe-20260817170515-c0ef-orders-00084,pipe-20260817170515-c0ef,orders,2026-08-17T17:05:16.283755,duplicate order_id,ORD-0000187,CUST-000299,P-PRD-112,10,179.0,0.1,1611.0,2026-05-17 01:11:01,Refunded,Wallet
Q-pipe-20260817170515-c0ef-orders-00085,pipe-20260817170515-c0ef,orders,2026-08-17T17:05:16.283755,invalid or unparseable order_date format,ORD-0003261,CUST-000499,P-PRD-106,2,1200.0,0.05,2280.0,2026-99-99 25:99:99,Cancelled,UPI
Q-pipe-20260817170515-c0ef-orders-00086,pipe-20260817170515-c0ef,orders,2026-08-17T17:05:16.283755,unit_price must be greater than 0,ORD-0004800,CUST-000206,P-PRD-109,4,-550.0,0.05,-2200.0,2026-03-14 18:57:04,Cancelled,Cash on Delivery
Q-pipe-20260817170515-c0ef-orders-00087,pipe-20260817170515-c0ef,orders,2026-08-17T17:05:16.283755,unit_price must be greater than 0,ORD-0002242,CUST-000118,P-PRD-109,4,-550.0,0.1,-2200.0,2026-08-05 13:32:17,Processing,Debit Card
Q-pipe-20260817170515-c0ef-orders-00088,pipe-20260817170515-c0ef,orders,2026-08-17T17:05:16.283755,duplicate order_id,ORD-0000195,CUST-000108,P-PRD-103,2,189.0,0.0,378.0,2026-03-12 21:47:57,Cancelled,Net Banking
Q-pipe-20260817170515-c0ef-orders-00089,pipe-20260817170515-c0ef,orders,2026-08-17T17:05:16.283755,unit_price must be greater than 0,ORD-0004291,CUST-000442,P-PRD-107,1,-199.0,0.1,-199.0,2026-07-22 17:26:42,Processing,Cash on Delivery
Q-pipe-20260817170515-c0ef-orders-00090,pipe-20260817170515-c0ef,orders,2026-08-17T17:05:16.283755,invalid or unparseable order_date format,ORD-0000194,CUST-000093,P-PRD-102,1,899.0,0.05,854.05,2026-99-99 25:99:99,Refunded,Credit Card
Q-pipe-20260817170515-c0ef-orders-00091,pipe-20260817170515-c0ef,orders,2026-08-17T17:05:16.283755,invalid or unparseable order_date format,ORD-0001220,CUST-000066,P-PRD-108,3,750.0,0.1,2025.0,2026-99-99 25:99:99,Refunded,Debit Card
Q-pipe-20260817170515-c0ef-orders-00092,pipe-20260817170515-c0ef,orders,2026-08-17T17:05:16.283755,duplicate order_id,ORD-0000187,CUST-000352,P-PRD-103,1,189.0,0.15,160.65,2026-05-20 23:56:53,Pending,Net Banking
Q-pipe-20260817170515-c0ef-orders-00093,pipe-20260817170515-c0ef,orders,2026-08-17T17:05:16.283755,orphaned customer_id (not in customer master),ORD-0000717,CUST-ORPHAN-951117,P-PRD-106,4,1200.0,0.1,4320.0,2026-06-02 00:16:15,Processing,Credit Card
Q-pipe-20260817170515-c0ef-orders-00094,pipe-20260817170515-c0ef,orders,2026-08-17T17:05:16.283755,orphaned customer_id (not in customer master),ORD-0001743,CUST-ORPHAN-985028,P-PRD-104,4,299.0,0.0,1196.0,2026-04-07 17:13:23,Cancelled,UPI
Q-pipe-20260817170515-c0ef-orders-00095,pipe-20260817170515-c0ef,orders,2026-08-17T17:05:16.283755,customer_id is null | orphaned customer_id (not in customer master),ORD-0003792,,P-PRD-108,1,750.0,0.0,750.0,2026-04-28 09:01:17,Completed,Cash on Delivery
Q-pipe-20260817170515-c0ef-orders-00096,pipe-20260817170515-c0ef,orders,2026-08-17T17:05:16.283755,duplicate order_id,ORD-0001446,CUST-000104,P-PRD-107,4,199.0,0.0,796.0,2026-02-27 02:26:32,Processing,Credit Card
Q-pipe-20260817170515-c0ef-orders-00097,pipe-20260817170515-c0ef,orders,2026-08-17T17:05:16.283755,unit_price must be greater than 0,ORD-0003287,CUST-000324,P-PRD-111,4,-249.0,0.05,-996.0,2026-02-21 18:25:41,Processing,Net Banking
Q-pipe-20260817170515-c0ef-orders-00098,pipe-20260817170515-c0ef,orders,2026-08-17T17:05:16.283755,quantity must be greater than 0,ORD-0002779,CUST-000109,P-PRD-105,0,4500.0,0.0,0.0,2026-07-20 12:12:44,Pending,Wallet
Q-pipe-20260817170515-c0ef-orders-00099,pipe-20260817170515-c0ef,orders,2026-08-17T17:05:16.283755,unit_price must be greater than 0,ORD-0001244,CUST-000254,P-PRD-103,2,-189.0,0.0,-378.0,2026-03-26 13:00:23,Shipped,Net Banking
Q-pipe-20260817170515-c0ef-orders-00100,pipe-20260817170515-c0ef,orders,2026-08-17T17:05:16.283755,invalid or unparseable order_date format,ORD-0001757,CUST-000009,P-PRD-108,1,750.0,0.05,712.5,2026-99-99 25:99:99,Pending,Net Banking
Q-pipe-20260817170515-c0ef-orders-00101,pipe-20260817170515-c0ef,orders,2026-08-17T17:05:16.283755,order_status not in allowed business statuses,ORD-0001243,CUST-000066,P-PRD-101,1,2499.0,0.05,2374.05,2026-04-02 00:16:25,UNKNOWN_ERROR_STATUS,Credit Card
Q-pipe-20260817170515-c0ef-orders-00102,pipe-20260817170515-c0ef,orders,2026-08-17T17:05:16.283755,quantity must be greater than 0,ORD-0000735,CUST-000411,P-PRD-110,0,3500.0,0.0,0.0,2026-04-19 07:29:01,Processing,Wallet
Q-pipe-20260817170515-c0ef-orders-00103,pipe-20260817170515-c0ef,orders,2026-08-17T17:05:16.283755,unit_price must be greater than 0,ORD-0004831,CUST-000458,P-PRD-109,1,-550.0,0.05,-550.0,2026-08-12 00:31:16,Shipped,Wallet
Q-pipe-20260817170515-c0ef-orders-00104,pipe-20260817170515-c0ef,orders,2026-08-17T17:05:16.283755,unit_price must be greater than 0,ORD-0001762,CUST-000298,P-PRD-102,5,-899.0,0.0,-4495.0,2026-03-01 01:29:34,Pending,Cash on Delivery
Q-pipe-20260817170515-c0ef-orders-00105,pipe-20260817170515-c0ef,orders,2026-08-17T17:05:16.283755,quantity must be greater than 0,ORD-0001767,CUST-000441,P-PRD-111,0,249.0,0.0,0.0,2026-04-30 09:00:53,Completed,UPI
Q-pipe-20260817170515-c0ef-orders-00106,pipe-20260817170515-c0ef,orders,2026-08-17T17:05:16.283755,duplicate order_id,ORD-0000233,CUST-000401,P-PRD-103,2,189.0,0.0,378.0,2026-03-22 20:51:29,Shipped,Cash on Delivery
Q-pipe-20260817170515-c0ef-orders-00107,pipe-20260817170515-c0ef,orders,2026-08-17T17:05:16.283755,order_status not in allowed business statuses,ORD-0004841,CUST-000179,P-PRD-111,1,249.0,0.0,249.0,2026-05-22 22:47:00,UNKNOWN_ERROR_STATUS,UPI
Q-pipe-20260817170515-c0ef-orders-00108,pipe-20260817170515-c0ef,orders,2026-08-17T17:05:16.283755,customer_id is null | orphaned customer_id (not in customer master),ORD-0003819,,P-PRD-106,1,1200.0,0.05,1140.0,2026-05-10 22:30:37,Completed,Debit Card
Q-pipe-20260817170515-c0ef-orders-00109,pipe-20260817170515-c0ef,orders,2026-08-17T17:05:16.283755,order_status not in allowed business statuses,ORD-0004844,CUST-000480,P-PRD-106,2,1200.0,0.0,2400.0,2026-06-01 02:03:46,UNKNOWN_ERROR_STATUS,Net Banking
Q-pipe-20260817170515-c0ef-orders-00110,pipe-20260817170515-c0ef,orders,2026-08-17T17:05:16.283755,orphaned customer_id (not in customer master),ORD-0002285,CUST-ORPHAN-993160,P-PRD-107,2,199.0,0.05,378.1,2026-08-06 07:30:52,Cancelled,Credit Card
Q-pipe-20260817170515-c0ef-orders-00111,pipe-20260817170515-c0ef,orders,2026-08-17T17:05:16.283755,unit_price must be greater than 0,ORD-0003826,CUST-000046,P-PRD-103,3,-189.0,0.05,-567.0,2026-03-30 04:55:03,Processing,Net Banking
Q-pipe-20260817170515-c0ef-orders-00112,pipe-20260817170515-c0ef,orders,2026-08-17T17:05:16.283755,invalid or unparseable order_date format,ORD-0004852,CUST-000056,P-PRD-103,2,189.0,0.0,378.0,2026-99-99 25:99:99,Cancelled,UPI
Q-pipe-20260817170515-c0ef-orders-00113,pipe-20260817170515-c0ef,orders,2026-08-17T17:05:16.283755,quantity must be greater than 0,ORD-0001785,CUST-000124,P-PRD-101,0,2499.0,0.0,0.0,2026-04-02 17:01:09,Refunded,Cash on Delivery
Q-pipe-20260817170515-c0ef-orders-00114,pipe-20260817170515-c0ef,orders,2026-08-17T17:05:16.283755,customer_id is null | orphaned customer_id (not in customer master),ORD-0004858,,P-PRD-104,1,299.0,0.05,284.05,2026-08-06 08:49:14,Cancelled,Wallet
Q-pipe-20260817170515-c0ef-orders-00115,pipe-20260817170515-c0ef,orders,2026-08-17T17:05:16.283755,quantity must be greater than 0,ORD-0003327,CUST-000067,P-PRD-103,0,189.0,0.0,0.0,2026-08-18 00:24:52,Pending,Debit Card
Q-pipe-20260817170515-c0ef-orders-00116,pipe-20260817170515-c0ef,orders,2026-08-17T17:05:16.283755,quantity must be greater than 0,ORD-0004352,CUST-000106,P-PRD-111,-4,249.0,0.05,-996.0,2026-08-02 23:19:41,Cancelled,Wallet
Q-pipe-20260817170515-c0ef-orders-00117,pipe-20260817170515-c0ef,orders,2026-08-17T17:05:16.283755,duplicate order_id,ORD-0002713,CUST-000442,P-PRD-111,1,249.0,0.0,249.0,2026-05-26 00:41:45,Completed,Net Banking
Q-pipe-20260817170515-c0ef-orders-00118,pipe-20260817170515-c0ef,orders,2026-08-17T17:05:16.283755,unit_price must be greater than 0,ORD-0000255,CUST-000334,P-PRD-104,1,-299.0,0.0,-299.0,2026-03-14 23:10:56,Cancelled,Wallet
Q-pipe-20260817170515-c0ef-orders-00119,pipe-20260817170515-c0ef,orders,2026-08-17T17:05:16.283755,orphaned customer_id (not in customer master),ORD-0004866,CUST-ORPHAN-907515,P-PRD-106,1,1200.0,0.1,1080.0,2026-06-30 16:05:16,Completed,Debit Card
Q-pipe-20260817170515-c0ef-orders-00120,pipe-20260817170515-c0ef,orders,2026-08-17T17:05:16.283755,order_status not in allowed business statuses,ORD-0002822,CUST-000328,P-PRD-104,2,299.0,0.05,568.1,2026-05-16 14:22:04,UNKNOWN_ERROR_STATUS,Wallet
Q-pipe-20260817170515-c0ef-orders-00121,pipe-20260817170515-c0ef,orders,2026-08-17T17:05:16.283755,invalid or unparseable order_date format,ORD-0004359,CUST-000445,P-PRD-105,2,4500.0,0.0,9000.0,2026-99-99 25:99:99,Pending,Credit Card
Q-pipe-20260817170515-c0ef-orders-00122,pipe-20260817170515-c0ef,orders,2026-08-17T17:05:16.283755,duplicate order_id,ORD-0000829,CUST-000351,P-PRD-105,2,4500.0,0.05,8550.0,2026-04-09 00:11:54,Refunded,Cash on Delivery
Q-pipe-20260817170515-c0ef-orders-00123,pipe-20260817170515-c0ef,orders,2026-08-17T17:05:16.283755,orphaned customer_id (not in customer master),ORD-0004871,CUST-ORPHAN-966060,P-PRD-106,1,1200.0,0.0,1200.0,2026-05-30 21:24:17,Cancelled,Cash on Delivery
Q-pipe-20260817170515-c0ef-orders-00124,pipe-20260817170515-c0ef,orders,2026-08-17T17:05:16.283755,duplicate order_id,ORD-0000266,CUST-000073,P-PRD-103,1,189.0,0.05,179.55,2026-04-24 00:09:46,Completed,Debit Card
Q-pipe-20260817170515-c0ef-orders-00125,pipe-20260817170515-c0ef,orders,2026-08-17T17:05:16.283755,duplicate order_id,ORD-0000267,CUST-000291,P-PRD-101,3,2499.0,0.15,6372.45,2026-07-09 09:52:54,Refunded,Wallet
Q-pipe-20260817170515-c0ef-orders-00126,pipe-20260817170515-c0ef,orders,2026-08-17T17:05:16.283755,duplicate order_id,ORD-0001292,CUST-000052,P-PRD-108,2,750.0,0.0,1500.0,2026-04-14 10:17:02,Refunded,Net Banking
Q-pipe-20260817170515-c0ef-orders-00127,pipe-20260817170515-c0ef,orders,2026-08-17T17:05:16.284755,quantity must be greater than 0,ORD-0001803,CUST-000280,P-PRD-102,-1,899.0,0.0,-899.0,2026-04-02 03:08:52,Processing,Credit Card
Q-pipe-20260817170515-c0ef-orders-00128,pipe-20260817170515-c0ef,orders,2026-08-17T17:05:16.284755,quantity must be greater than 0,ORD-0004878,CUST-000429,P-PRD-109,0,550.0,0.1,0.0,2026-02-26 22:56:58,Pending,Wallet
Q-pipe-20260817170515-c0ef-orders-00129,pipe-20260817170515-c0ef,orders,2026-08-17T17:05:16.284755,order_status not in allowed business statuses,ORD-0004360,CUST-000013,P-PRD-108,1,750.0,0.0,750.0,2026-05-20 00:18:03,UNKNOWN_ERROR_STATUS,Net Banking
Q-pipe-20260817170515-c0ef-orders-00130,pipe-20260817170515-c0ef,orders,2026-08-17T17:05:16.284755,orphaned customer_id (not in customer master),ORD-0002320,CUST-ORPHAN-941393,P-PRD-103,1,189.0,0.0,189.0,2026-03-09 04:49:57,Shipped,Debit Card
Q-pipe-20260817170515-c0ef-orders-00131,pipe-20260817170515-c0ef,orders,2026-08-17T17:05:16.284755,invalid or unparseable order_date format,ORD-0000788,CUST-000113,P-PRD-105,2,4500.0,0.0,9000.0,2026-99-99 25:99:99,Pending,Debit Card
Q-pipe-20260817170515-c0ef-orders-00132,pipe-20260817170515-c0ef,orders,2026-08-17T17:05:16.284755,quantity must be greater than 0,ORD-0001813,CUST-000165,P-PRD-106,-4,1200.0,0.0,-4800.0,2026-04-03 14:05:21,Shipped,Cash on Delivery
Q-pipe-20260817170515-c0ef-orders-00133,pipe-20260817170515-c0ef,orders,2026-08-17T17:05:16.284755,duplicate order_id,ORD-0000266,CUST-000184,P-PRD-101,1,2499.0,0.0,2499.0,2026-03-07 02:42:45,Processing,Debit Card
Q-pipe-20260817170515-c0ef-orders-00134,pipe-20260817170515-c0ef,orders,2026-08-17T17:05:16.284755,customer_id is null | orphaned customer_id (not in customer master),ORD-0000283,,P-PRD-109,1,550.0,0.1,495.0,2026-05-18 10:48:49,Shipped,Wallet
Q-pipe-20260817170515-c0ef-orders-00135,pipe-20260817170515-c0ef,orders,2026-08-17T17:05:16.284755,duplicate order_id,ORD-0000284,CUST-000226,P-PRD-103,1,189.0,0.0,189.0,2026-05-01 00:47:19,Pending,Debit Card
Q-pipe-20260817170515-c0ef-orders-00136,pipe-20260817170515-c0ef,orders,2026-08-17T17:05:16.284755,duplicate order_id,ORD-0000537,CUST-000035,P-PRD-106,4,1200.0,0.0,4800.0,2026-03-18 18:02:49,Processing,Debit Card
Q-pipe-20260817170515-c0ef-orders-00137,pipe-20260817170515-c0ef,orders,2026-08-17T17:05:16.284755,customer_id is null | orphaned customer_id (not in customer master),ORD-0002333,,P-PRD-103,1,189.0,0.0,189.0,2026-02-23 04:12:56,Refunded,Credit Card
Q-pipe-20260817170515-c0ef-orders-00138,pipe-20260817170515-c0ef,orders,2026-08-17T17:05:16.284755,unit_price must be greater than 0,ORD-0001310,CUST-000424,P-PRD-112,3,-179.0,0.0,-537.0,2026-02-28 19:52:27,Processing,UPI
Q-pipe-20260817170515-c0ef-orders-00139,pipe-20260817170515-c0ef,orders,2026-08-17T17:05:16.284755,quantity must be greater than 0,ORD-0000800,CUST-000219,P-PRD-108,0,750.0,0.0,0.0,2026-06-26 04:37:48,Processing,Net Banking
Q-pipe-20260817170515-c0ef-orders-00140,pipe-20260817170515-c0ef,orders,2026-08-17T17:05:16.284755,invalid or unparseable order_date format,ORD-0001311,CUST-000196,P-PRD-109,5,550.0,0.0,2750.0,2026-99-99 25:99:99,Shipped,Net Banking
Q-pipe-20260817170515-c0ef-orders-00141,pipe-20260817170515-c0ef,orders,2026-08-17T17:05:16.284755,order_status not in allowed business statuses,ORD-0001314,CUST-000391,P-PRD-107,1,199.0,0.05,189.05,2026-04-07 03:10:03,UNKNOWN_ERROR_STATUS,Cash on Delivery
Q-pipe-20260817170515-c0ef-orders-00142,pipe-20260817170515-c0ef,orders,2026-08-17T17:05:16.284755,quantity must be greater than 0,ORD-0002339,CUST-000101,P-PRD-112,-3,179.0,0.0,-537.0,2026-07-08 07:30:24,Pending,Credit Card
Q-pipe-20260817170515-c0ef-orders-00143,pipe-20260817170515-c0ef,orders,2026-08-17T17:05:16.284755,order_status not in allowed business statuses,ORD-0001820,CUST-000268,P-PRD-110,2,3500.0,0.05,6650.0,2026-05-08 07:55:46,UNKNOWN_ERROR_STATUS,Debit Card
Q-pipe-20260817170515-c0ef-orders-00144,pipe-20260817170515-c0ef,orders,2026-08-17T17:05:16.284755,duplicate order_id,ORD-0003365,CUST-000214,P-PRD-101,1,2499.0,0.0,2499.0,2026-05-29 18:34:37,Cancelled,Net Banking
Q-pipe-20260817170515-c0ef-orders-00145,pipe-20260817170515-c0ef,orders,2026-08-17T17:05:16.284755,quantity must be greater than 0,ORD-0004390,CUST-000059,P-PRD-108,-4,750.0,0.1,-3000.0,2026-02-26 00:17:09,Pending,Debit Card
Q-pipe-20260817170515-c0ef-orders-00146,pipe-20260817170515-c0ef,orders,2026-08-17T17:05:16.284755,unit_price must be greater than 0,ORD-0004903,CUST-000292,P-PRD-102,2,-899.0,0.0,-1798.0,2026-07-29 22:41:01,Pending,Credit Card
Q-pipe-20260817170515-c0ef-orders-00147,pipe-20260817170515-c0ef,orders,2026-08-17T17:05:16.284755,unit_price must be greater than 0,ORD-0003880,CUST-000250,P-PRD-112,1,-179.0,0.2,-179.0,2026-03-01 19:01:05,Completed,Net Banking
Q-pipe-20260817170515-c0ef-orders-00148,pipe-20260817170515-c0ef,orders,2026-08-17T17:05:16.284755,orphaned customer_id (not in customer master),ORD-0003366,CUST-ORPHAN-998223,P-PRD-112,3,179.0,0.0,537.0,2026-08-16 22:06:15,Shipped,Debit Card
Q-pipe-20260817170515-c0ef-orders-00149,pipe-20260817170515-c0ef,orders,2026-08-17T17:05:16.284755,quantity must be greater than 0,ORD-0002858,CUST-000059,P-PRD-106,0,1200.0,0.0,0.0,2026-07-05 14:59:47,Completed,Cash on Delivery
Q-pipe-20260817170515-c0ef-orders-00150,pipe-20260817170515-c0ef,orders,2026-08-17T17:05:16.284755,duplicate order_id,ORD-0000284,CUST-000051,P-PRD-107,2,199.0,0.0,398.0,2026-06-06 08:01:34,Pending,Cash on Delivery
Q-pipe-20260817170515-c0ef-orders-00151,pipe-20260817170515-c0ef,orders,2026-08-17T17:05:16.284755,quantity must be greater than 0,ORD-0004913,CUST-000428,P-PRD-106,0,1200.0,0.0,0.0,2026-03-03 00:37:03,Refunded,Credit Card
Q-pipe-20260817170515-c0ef-orders-00152,pipe-20260817170515-c0ef,orders,2026-08-17T17:05:16.284755,quantity must be greater than 0,ORD-0002359,CUST-000156,P-PRD-102,0,899.0,0.0,0.0,2026-05-31 10:43:31,Completed,Wallet
Q-pipe-20260817170515-c0ef-orders-00153,pipe-20260817170515-c0ef,orders,2026-08-17T17:05:16.284755,duplicate order_id,ORD-0000313,CUST-000289,P-PRD-108,3,750.0,0.1,2025.0,2026-06-16 09:51:43,Cancelled,Credit Card
Q-pipe-20260817170515-c0ef-orders-00154,pipe-20260817170515-c0ef,orders,2026-08-17T17:05:16.284755,customer_id is null | orphaned customer_id (not in customer master),ORD-0002873,,P-PRD-110,1,3500.0,0.0,3500.0,2026-08-15 10:48:48,Shipped,UPI
Q-pipe-20260817170515-c0ef-orders-00155,pipe-20260817170515-c0ef,orders,2026-08-17T17:05:16.284755,quantity must be greater than 0,ORD-0001337,CUST-000214,P-PRD-105,0,4500.0,0.0,0.0,2026-07-24 16:38:51,Cancelled,Cash on Delivery
Q-pipe-20260817170515-c0ef-orders-00156,pipe-20260817170515-c0ef,orders,2026-08-17T17:05:16.284755,duplicate order_id,ORD-0000829,CUST-000432,P-PRD-103,1,189.0,0.0,189.0,2026-03-15 23:32:26,Processing,Credit Card
Q-pipe-20260817170515-c0ef-orders-00157,pipe-20260817170515-c0ef,orders,2026-08-17T17:05:16.284755,quantity must be greater than 0,ORD-0003901,CUST-000377,P-PRD-107,-5,199.0,0.05,-995.0,2026-06-10 14:12:23,Pending,Debit Card
Q-pipe-20260817170515-c0ef-orders-00158,pipe-20260817170515-c0ef,orders,2026-08-17T17:05:16.284755,quantity must be greater than 0,ORD-0004416,CUST-000309,P-PRD-108,0,750.0,0.1,0.0,2026-02-26 11:13:53,Completed,Net Banking
Q-pipe-20260817170515-c0ef-orders-00159,pipe-20260817170515-c0ef,orders,2026-08-17T17:05:16.284755,duplicate order_id,ORD-0001195,CUST-000414,P-PRD-112,1,179.0,0.05,170.05,2026-05-28 02:27:21,Refunded,Debit Card
Q-pipe-20260817170515-c0ef-orders-00160,pipe-20260817170515-c0ef,orders,2026-08-17T17:05:16.284755,quantity must be greater than 0,ORD-0003395,CUST-000394,P-PRD-107,0,199.0,0.0,0.0,2026-04-08 15:14:31,Shipped,Credit Card
Q-pipe-20260817170515-c0ef-orders-00161,pipe-20260817170515-c0ef,orders,2026-08-17T17:05:16.284755,unit_price must be greater than 0,ORD-0001348,CUST-000476,P-PRD-108,2,-750.0,0.15,-1500.0,2026-06-21 23:28:24,Shipped,Net Banking
Q-pipe-20260817170515-c0ef-orders-00162,pipe-20260817170515-c0ef,orders,2026-08-17T17:05:16.284755,orphaned customer_id (not in customer master),ORD-0002371,CUST-ORPHAN-950777,P-PRD-111,1,249.0,0.0,249.0,2026-07-21 06:02:43,Refunded,Debit Card
Q-pipe-20260817170515-c0ef-orders-00163,pipe-20260817170515-c0ef,orders,2026-08-17T17:05:16.284755,order_status not in allowed business statuses,ORD-0003396,CUST-000179,P-PRD-110,2,3500.0,0.05,6650.0,2026-02-28 20:54:20,UNKNOWN_ERROR_STATUS,Cash on Delivery
Q-pipe-20260817170515-c0ef-orders-00164,pipe-20260817170515-c0ef,orders,2026-08-17T17:05:16.284755,quantity must be greater than 0,ORD-0001866,CUST-000403,P-PRD-109,0,550.0,0.0,0.0,2026-06-03 16:02:17,Completed,Debit Card
Q-pipe-20260817170515-c0ef-orders-00165,pipe-20260817170515-c0ef,orders,2026-08-17T17:05:16.284755,duplicate order_id,ORD-0002939,CUST-000428,P-PRD-104,1,299.0,0.0,299.0,2026-05-16 14:11:42,Pending,Credit Card
Q-pipe-20260817170515-c0ef-orders-00166,pipe-20260817170515-c0ef,orders,2026-08-17T17:05:16.284755,customer_id is null | orphaned customer_id (not in customer master),ORD-0004940,,P-PRD-112,2,179.0,0.0,358.0,2026-08-08 18:01:41,Shipped,Debit Card
Q-pipe-20260817170515-c0ef-orders-00167,pipe-20260817170515-c0ef,orders,2026-08-17T17:05:16.284755,invalid or unparseable order_date format,ORD-0003402,CUST-000400,P-PRD-102,5,899.0,0.0,4495.0,2026-99-99 25:99:99,Pending,Wallet
Q-pipe-20260817170515-c0ef-orders-00168,pipe-20260817170515-c0ef,orders,2026-08-17T17:05:16.284755,customer_id is null | orphaned customer_id (not in customer master),ORD-0002899,,P-PRD-112,1,179.0,0.15,152.15,2026-04-05 00:13:49,Completed,Net Banking
Q-pipe-20260817170515-c0ef-orders-00169,pipe-20260817170515-c0ef,orders,2026-08-17T17:05:16.284755,customer_id is null | orphaned customer_id (not in customer master),ORD-0004435,,P-PRD-105,1,4500.0,0.0,4500.0,2026-03-10 13:15:31,Processing,Cash on Delivery
Q-pipe-20260817170515-c0ef-orders-00170,pipe-20260817170515-c0ef,orders,2026-08-17T17:05:16.284755,customer_id is null | orphaned customer_id (not in customer master),ORD-0004437,,P-PRD-107,3,199.0,0.0,597.0,2026-06-05 08:48:31,Pending,Wallet
Q-pipe-20260817170515-c0ef-orders-00171,pipe-20260817170515-c0ef,orders,2026-08-17T17:05:16.284755,quantity must be greater than 0,ORD-0004947,CUST-000484,P-PRD-106,-1,1200.0,0.05,-1200.0,2026-05-16 12:51:19,Completed,Cash on Delivery
Q-pipe-20260817170515-c0ef-orders-00172,pipe-20260817170515-c0ef,orders,2026-08-17T17:05:16.284755,order_status not in allowed business statuses,ORD-0000344,CUST-000436,P-PRD-103,1,189.0,0.0,189.0,2026-02-21 10:59:54,UNKNOWN_ERROR_STATUS,UPI
Q-pipe-20260817170515-c0ef-orders-00173,pipe-20260817170515-c0ef,orders,2026-08-17T17:05:16.284755,quantity must be greater than 0,ORD-0002905,CUST-000301,P-PRD-103,-1,189.0,0.0,-189.0,2026-05-25 06:50:32,Pending,Cash on Delivery
Q-pipe-20260817170515-c0ef-orders-00174,pipe-20260817170515-c0ef,orders,2026-08-17T17:05:16.284755,order_status not in allowed business statuses,ORD-0001369,CUST-000234,P-PRD-105,1,4500.0,0.05,4275.0,2026-04-13 02:24:21,UNKNOWN_ERROR_STATUS,UPI
Q-pipe-20260817170515-c0ef-orders-00175,pipe-20260817170515-c0ef,orders,2026-08-17T17:05:16.284755,quantity must be greater than 0,ORD-0000349,CUST-000317,P-PRD-108,-2,750.0,0.05,-1500.0,2026-04-08 04:45:43,Completed,Debit Card
Q-pipe-20260817170515-c0ef-orders-00176,pipe-20260817170515-c0ef,orders,2026-08-17T17:05:16.284755,customer_id is null | orphaned customer_id (not in customer master),ORD-0000865,,P-PRD-106,3,1200.0,0.0,3600.0,2026-04-13 07:34:38,Refunded,UPI
Q-pipe-20260817170515-c0ef-orders-00177,pipe-20260817170515-c0ef,orders,2026-08-17T17:05:16.284755,unit_price must be greater than 0,ORD-0000355,CUST-000107,P-PRD-108,1,-750.0,0.2,-750.0,2026-05-11 22:51:45,Refunded,Cash on Delivery
Q-pipe-20260817170515-c0ef-orders-00178,pipe-20260817170515-c0ef,orders,2026-08-17T17:05:16.284755,duplicate order_id,ORD-0000490,CUST-000326,P-PRD-103,1,189.0,0.0,189.0,2026-03-22 03:09:51,Completed,UPI
Q-pipe-20260817170515-c0ef-orders-00179,pipe-20260817170515-c0ef,orders,2026-08-17T17:05:16.284755,unit_price must be greater than 0,ORD-0004967,CUST-000180,P-PRD-112,1,-179.0,0.0,-179.0,2026-05-12 13:07:54,Processing,UPI
Q-pipe-20260817170515-c0ef-orders-00180,pipe-20260817170515-c0ef,orders,2026-08-17T17:05:16.284755,invalid or unparseable order_date format,ORD-0004460,CUST-000484,P-PRD-103,2,189.0,0.1,340.2,2026-99-99 25:99:99,Cancelled,Net Banking
Q-pipe-20260817170515-c0ef-orders-00181,pipe-20260817170515-c0ef,orders,2026-08-17T17:05:16.284755,duplicate order_id,ORD-0001389,CUST-000104,P-PRD-105,1,4500.0,0.2,3600.0,2026-04-19 00:59:49,Processing,Credit Card
Q-pipe-20260817170515-c0ef-orders-00182,pipe-20260817170515-c0ef,orders,2026-08-17T17:05:16.284755,duplicate order_id,ORD-0001389,CUST-000170,P-PRD-106,2,1200.0,0.05,2280.0,2026-08-18 10:38:37,Cancelled,Wallet
Q-pipe-20260817170515-c0ef-orders-00183,pipe-20260817170515-c0ef,orders,2026-08-17T17:05:16.284755,quantity must be greater than 0,ORD-0003439,CUST-000415,P-PRD-110,-3,3500.0,0.0,-10500.0,2026-06-24 20:03:11,Shipped,Cash on Delivery
Q-pipe-20260817170515-c0ef-orders-00184,pipe-20260817170515-c0ef,orders,2026-08-17T17:05:16.284755,quantity must be greater than 0,ORD-0000880,CUST-000151,P-PRD-110,0,3500.0,0.0,0.0,2026-07-02 13:54:35,Refunded,Wallet
Q-pipe-20260817170515-c0ef-orders-00185,pipe-20260817170515-c0ef,orders,2026-08-17T17:05:16.284755,order_status not in allowed business statuses,ORD-0003952,CUST-000110,P-PRD-109,1,550.0,0.0,550.0,2026-05-11 19:11:26,UNKNOWN_ERROR_STATUS,Debit Card
Q-pipe-20260817170515-c0ef-orders-00186,pipe-20260817170515-c0ef,orders,2026-08-17T17:05:16.284755,invalid or unparseable order_date format,ORD-0003956,CUST-000024,P-PRD-104,1,299.0,0.0,299.0,2026-99-99 25:99:99,Shipped,Net Banking
Q-pipe-20260817170515-c0ef-orders-00187,pipe-20260817170515-c0ef,orders,2026-08-17T17:05:16.284755,quantity must be greater than 0,ORD-0001400,CUST-000016,P-PRD-108,-3,750.0,0.0,-2250.0,2026-05-25 02:44:33,Cancelled,UPI
Q-pipe-20260817170515-c0ef-orders-00188,pipe-20260817170515-c0ef,orders,2026-08-17T17:05:16.284755,invalid or unparseable order_date format,ORD-0004473,CUST-000018,P-PRD-112,1,179.0,0.05,170.05,2026-99-99 25:99:99,Cancelled,Credit Card
Q-pipe-20260817170515-c0ef-orders-00189,pipe-20260817170515-c0ef,orders,2026-08-17T17:05:16.284755,duplicate order_id,ORD-0002939,CUST-000032,P-PRD-102,3,899.0,0.0,2697.0,2026-04-14 18:27:37,Completed,UPI
Q-pipe-20260817170515-c0ef-orders-00190,pipe-20260817170515-c0ef,orders,2026-08-17T17:05:16.284755,invalid or unparseable order_date format,ORD-0003453,CUST-000108,P-PRD-105,2,4500.0,0.0,9000.0,2026-99-99 25:99:99,Pending,Wallet
Q-pipe-20260817170515-c0ef-orders-00191,pipe-20260817170515-c0ef,orders,2026-08-17T17:05:16.284755,orphaned customer_id (not in customer master),ORD-0001918,CUST-ORPHAN-999088,P-PRD-101,5,2499.0,0.0,12495.0,2026-04-27 07:09:06,Cancelled,UPI
Q-pipe-20260817170515-c0ef-orders-00192,pipe-20260817170515-c0ef,orders,2026-08-17T17:05:16.284755,quantity must be greater than 0,ORD-0001409,CUST-000480,P-PRD-101,-2,2499.0,0.1,-4998.0,2026-07-29 18:50:09,Pending,Debit Card
Q-pipe-20260817170515-c0ef-orders-00193,pipe-20260817170515-c0ef,orders,2026-08-17T17:05:16.284755,invalid or unparseable order_date format,ORD-0004481,CUST-000283,P-PRD-107,1,199.0,0.0,199.0,2026-99-99 25:99:99,Shipped,Cash on Delivery
Q-pipe-20260817170515-c0ef-orders-00194,pipe-20260817170515-c0ef,orders,2026-08-17T17:05:16.284755,quantity must be greater than 0,ORD-0003972,CUST-000100,P-PRD-105,-2,4500.0,0.0,-9000.0,2026-03-24 18:37:12,Cancelled,UPI
Q-pipe-20260817170515-c0ef-orders-00195,pipe-20260817170515-c0ef,orders,2026-08-17T17:05:16.284755,invalid or unparseable order_date format,ORD-0000392,CUST-000344,P-PRD-107,1,199.0,0.0,199.0,2026-99-99 25:99:99,Cancelled,Cash on Delivery
Q-pipe-20260817170515-c0ef-orders-00196,pipe-20260817170515-c0ef,orders,2026-08-17T17:05:16.284755,duplicate order_id,ORD-0000103,CUST-000087,P-PRD-106,2,1200.0,0.2,1920.0,2026-06-12 15:46:37,Pending,Net Banking
Q-pipe-20260817170515-c0ef-orders-00197,pipe-20260817170515-c0ef,orders,2026-08-17T17:05:16.284755,unit_price must be greater than 0,ORD-0004490,CUST-000431,P-PRD-112,1,-179.0,0.05,-179.0,2026-04-18 10:44:03,Shipped,Net Banking
Q-pipe-20260817170515-c0ef-orders-00198,pipe-20260817170515-c0ef,orders,2026-08-17T17:05:16.284755,unit_price must be greater than 0,ORD-0004491,CUST-000146,P-PRD-103,4,-189.0,0.0,-756.0,2026-03-04 23:49:09,Cancelled,Net Banking
Q-pipe-20260817170515-c0ef-orders-00199,pipe-20260817170515-c0ef,orders,2026-08-17T17:05:16.284755,invalid or unparseable order_date format,ORD-0002443,CUST-000184,P-PRD-109,1,550.0,0.0,550.0,2026-99-99 25:99:99,Shipped,Net Banking
Q-pipe-20260817170515-c0ef-orders-00200,pipe-20260817170515-c0ef,orders,2026-08-17T17:05:16.284755,orphaned customer_id (not in customer master),ORD-0002446,CUST-ORPHAN-959009,P-PRD-101,4,2499.0,0.0,9996.0,2026-04-03 01:33:29,Completed,Wallet
Q-pipe-20260817170515-c0ef-orders-00201,pipe-20260817170515-c0ef,orders,2026-08-17T17:05:16.284755,invalid or unparseable order_date format,ORD-0000911,CUST-000497,P-PRD-109,1,550.0,0.2,440.0,2026-99-99 25:99:99,Pending,UPI
Q-pipe-20260817170515-c0ef-orders-00202,pipe-20260817170515-c0ef,orders,2026-08-17T17:05:16.284755,duplicate order_id,ORD-0001424,CUST-000303,P-PRD-104,1,299.0,0.0,299.0,2026-04-17 03:08:40,Pending,Net Banking
Q-pipe-20260817170515-c0ef-orders-00203,pipe-20260817170515-c0ef,orders,2026-08-17T17:05:16.284755,invalid or unparseable order_date format,ORD-0000401,CUST-000273,P-PRD-102,1,899.0,0.0,899.0,2026-99-99 25:99:99,Refunded,Credit Card
Q-pipe-20260817170515-c0ef-orders-00204,pipe-20260817170515-c0ef,orders,2026-08-17T17:05:16.284755,quantity must be greater than 0,ORD-0002962,CUST-000069,P-PRD-111,-1,249.0,0.0,-249.0,2026-04-26 07:01:27,Completed,Net Banking
Q-pipe-20260817170515-c0ef-orders-00205,pipe-20260817170515-c0ef,orders,2026-08-17T17:05:16.284755,unit_price must be greater than 0,ORD-0001942,CUST-000432,P-PRD-111,1,-249.0,0.0,-249.0,2026-03-13 19:14:07,Shipped,Cash on Delivery
Q-pipe-20260817170515-c0ef-orders-00206,pipe-20260817170515-c0ef,orders,2026-08-17T17:05:16.284755,customer_id is null | orphaned customer_id (not in customer master),ORD-0001943,,P-PRD-104,1,299.0,0.0,299.0,2026-04-12 13:12:45,Shipped,UPI
Q-pipe-20260817170515-c0ef-orders-00207,pipe-20260817170515-c0ef,orders,2026-08-17T17:05:16.284755,unit_price must be greater than 0,ORD-0002969,CUST-000080,P-PRD-109,1,-550.0,0.2,-550.0,2026-07-20 14:46:08,Processing,Credit Card
Q-pipe-20260817170515-c0ef-orders-00208,pipe-20260817170515-c0ef,orders,2026-08-17T17:05:16.284755,orphaned customer_id (not in customer master),ORD-0001437,CUST-ORPHAN-912950,P-PRD-112,3,179.0,0.05,510.15,2026-02-25 00:57:12,Cancelled,Debit Card
Q-pipe-20260817170515-c0ef-orders-00209,pipe-20260817170515-c0ef,orders,2026-08-17T17:05:16.284755,duplicate order_id,ORD-0002978,CUST-000262,P-PRD-111,2,249.0,0.05,473.1,2026-02-24 07:07:27,Pending,UPI
Q-pipe-20260817170515-c0ef-orders-00210,pipe-20260817170515-c0ef,orders,2026-08-17T17:05:16.284755,customer_id is null | orphaned customer_id (not in customer master),ORD-0002468,,P-PRD-108,1,750.0,0.05,712.5,2026-07-23 04:00:51,Refunded,Wallet
Q-pipe-20260817170515-c0ef-orders-00211,pipe-20260817170515-c0ef,orders,2026-08-17T17:05:16.284755,unit_price must be greater than 0,ORD-0002469,CUST-000139,P-PRD-106,3,-1200.0,0.0,-3600.0,2026-07-07 05:51:30,Completed,Net Banking
Q-pipe-20260817170515-c0ef-orders-00212,pipe-20260817170515-c0ef,orders,2026-08-17T17:05:16.284755,duplicate order_id,ORD-0001446,CUST-000102,P-PRD-102,1,899.0,0.0,899.0,2026-08-07 07:49:12,Processing,Debit Card
Q-pipe-20260817170515-c0ef-orders-00213,pipe-20260817170515-c0ef,orders,2026-08-17T17:05:16.284755,duplicate order_id,ORD-0001424,CUST-000166,P-PRD-104,1,299.0,0.0,299.0,2026-07-08 22:43:53,Refunded,UPI
Q-pipe-20260817170515-c0ef-orders-00214,pipe-20260817170515-c0ef,orders,2026-08-17T17:05:16.284755,unit_price must be greater than 0,ORD-0002984,CUST-000026,P-PRD-112,1,-179.0,0.15,-179.0,2026-07-02 15:12:53,Cancelled,Net Banking
Q-pipe-20260817170515-c0ef-orders-00215,pipe-20260817170515-c0ef,orders,2026-08-17T17:05:16.284755,invalid or unparseable order_date format,ORD-0000939,CUST-000252,P-PRD-104,1,299.0,0.0,299.0,2026-99-99 25:99:99,Completed,Net Banking
Q-pipe-20260817170515-c0ef-orders-00216,pipe-20260817170515-c0ef,orders,2026-08-17T17:05:16.284755,duplicate order_id,ORD-0004258,CUST-000006,P-PRD-103,1,189.0,0.0,189.0,2026-04-06 18:17:44,Processing,Credit Card
Q-pipe-20260817170515-c0ef-orders-00217,pipe-20260817170515-c0ef,orders,2026-08-17T17:05:16.284755,unit_price must be greater than 0,ORD-0002481,CUST-000382,P-PRD-112,10,-179.0,0.0,-1790.0,2026-07-19 21:08:15,Cancelled,Credit Card
Q-pipe-20260817170515-c0ef-orders-00218,pipe-20260817170515-c0ef,orders,2026-08-17T17:05:16.284755,quantity must be greater than 0,ORD-0000946,CUST-000394,P-PRD-111,0,249.0,0.05,0.0,2026-05-17 08:43:53,Cancelled,Cash on Delivery
Q-pipe-20260817170515-c0ef-orders-00219,pipe-20260817170515-c0ef,orders,2026-08-17T17:05:16.284755,orphaned customer_id (not in customer master),ORD-0002484,CUST-ORPHAN-939348,P-PRD-111,2,249.0,0.1,448.2,2026-06-16 15:34:49,Completed,Net Banking
Q-pipe-20260817170515-c0ef-orders-00220,pipe-20260817170515-c0ef,orders,2026-08-17T17:05:16.284755,quantity must be greater than 0,ORD-0001462,CUST-000272,P-PRD-107,0,199.0,0.05,0.0,2026-04-23 14:59:19,Pending,Debit Card
Q-pipe-20260817170515-c0ef-orders-00221,pipe-20260817170515-c0ef,orders,2026-08-17T17:05:16.284755,duplicate order_id,ORD-0000587,CUST-000469,P-PRD-103,2,189.0,0.0,378.0,2026-04-20 07:44:56,Processing,Credit Card
Q-pipe-20260817170515-c0ef-orders-00222,pipe-20260817170515-c0ef,orders,2026-08-17T17:05:16.284755,unit_price must be greater than 0,ORD-0004022,CUST-000018,P-PRD-108,3,-750.0,0.05,-2250.0,2026-03-12 02:26:31,Processing,Debit Card
Q-pipe-20260817170515-c0ef-orders-00223,pipe-20260817170515-c0ef,orders,2026-08-17T17:05:16.284755,duplicate order_id,ORD-0000195,CUST-000120,P-PRD-108,2,750.0,0.0,1500.0,2026-07-25 11:00:21,Completed,Cash on Delivery
Q-pipe-20260817170515-c0ef-orders-00224,pipe-20260817170515-c0ef,orders,2026-08-17T17:05:16.284755,unit_price must be greater than 0,ORD-0003001,CUST-000301,P-PRD-103,2,-189.0,0.0,-378.0,2026-05-20 17:21:50,Pending,Debit Card
Q-pipe-20260817170515-c0ef-orders-00225,pipe-20260817170515-c0ef,orders,2026-08-17T17:05:16.284755,orphaned customer_id (not in customer master),ORD-0002490,CUST-ORPHAN-949160,P-PRD-101,1,2499.0,0.0,2499.0,2026-04-21 03:11:59,Shipped,Net Banking
Q-pipe-20260817170515-c0ef-orders-00226,pipe-20260817170515-c0ef,orders,2026-08-17T17:05:16.284755,order_status not in allowed business statuses,ORD-0001467,CUST-000032,P-PRD-109,1,550.0,0.0,550.0,2026-04-02 17:09:02,UNKNOWN_ERROR_STATUS,Credit Card
Q-pipe-20260817170515-c0ef-orders-00227,pipe-20260817170515-c0ef,orders,2026-08-17T17:05:16.284755,quantity must be greater than 0,ORD-0003005,CUST-000347,P-PRD-105,0,4500.0,0.0,0.0,2026-05-24 05:58:22,Cancelled,UPI
Q-pipe-20260817170515-c0ef-orders-00228,pipe-20260817170515-c0ef,orders,2026-08-17T17:05:16.284755,quantity must be greater than 0,ORD-0001470,CUST-000458,P-PRD-108,-5,750.0,0.15,-3750.0,2026-04-05 11:33:32,Pending,Net Banking
Q-pipe-20260817170515-c0ef-orders-00229,pipe-20260817170515-c0ef,orders,2026-08-17T17:05:16.284755,duplicate order_id,ORD-0000267,CUST-000031,P-PRD-103,2,189.0,0.0,378.0,2026-03-12 08:47:17,Shipped,Wallet
Q-pipe-20260817170515-c0ef-orders-00230,pipe-20260817170515-c0ef,orders,2026-08-17T17:05:16.284755,unit_price must be greater than 0,ORD-0002496,CUST-000099,P-PRD-107,1,-199.0,0.2,-199.0,2026-04-16 05:37:42,Shipped,Credit Card
Q-pipe-20260817170515-c0ef-orders-00231,pipe-20260817170515-c0ef,orders,2026-08-17T17:05:16.284755,duplicate order_id,ORD-0003365,CUST-000235,P-PRD-103,1,189.0,0.0,189.0,2026-03-02 04:53:29,Completed,Net Banking
Q-pipe-20260817170515-c0ef-orders-00232,pipe-20260817170515-c0ef,orders,2026-08-17T17:05:16.284755,quantity must be greater than 0,ORD-0004035,CUST-000131,P-PRD-101,0,2499.0,0.0,0.0,2026-05-28 08:03:23,Processing,Net Banking
Q-pipe-20260817170515-c0ef-orders-00233,pipe-20260817170515-c0ef,orders,2026-08-17T17:05:16.284755,quantity must be greater than 0,ORD-0001988,CUST-000089,P-PRD-104,-5,299.0,0.1,-1495.0,2026-03-26 02:13:48,Shipped,Net Banking
Q-pipe-20260817170515-c0ef-orders-00234,pipe-20260817170515-c0ef,orders,2026-08-17T17:05:16.284755,quantity must be greater than 0,ORD-0003017,CUST-000468,P-PRD-108,-2,750.0,0.0,-1500.0,2026-03-29 15:09:41,Processing,Debit Card
Q-pipe-20260817170515-c0ef-orders-00235,pipe-20260817170515-c0ef,orders,2026-08-17T17:05:16.284755,quantity must be greater than 0,ORD-0003532,CUST-000448,P-PRD-109,-4,550.0,0.15,-2200.0,2026-06-09 01:43:58,Processing,Debit Card
Q-pipe-20260817170515-c0ef-orders-00236,pipe-20260817170515-c0ef,orders,2026-08-17T17:05:16.284755,quantity must be greater than 0,ORD-0003535,CUST-000111,P-PRD-112,-1,179.0,0.0,-179.0,2026-06-27 18:37:05,Refunded,Wallet
Q-pipe-20260817170515-c0ef-orders-00237,pipe-20260817170515-c0ef,orders,2026-08-17T17:05:16.284755,invalid or unparseable order_date format,ORD-0002001,CUST-000409,P-PRD-102,1,899.0,0.0,899.0,2026-99-99 25:99:99,Completed,UPI
Q-pipe-20260817170515-c0ef-orders-00238,pipe-20260817170515-c0ef,orders,2026-08-17T17:05:16.284755,customer_id is null | orphaned customer_id (not in customer master),ORD-0003541,,P-PRD-109,2,550.0,0.0,1100.0,2026-06-20 23:29:57,Cancelled,Credit Card
Q-pipe-20260817170515-c0ef-orders-00239,pipe-20260817170515-c0ef,orders,2026-08-17T17:05:16.284755,order_status not in allowed business statuses,ORD-0000471,CUST-000408,P-PRD-111,1,249.0,0.15,211.65,2026-06-10 05:37:19,UNKNOWN_ERROR_STATUS,Wallet
Q-pipe-20260817170515-c0ef-orders-00240,pipe-20260817170515-c0ef,orders,2026-08-17T17:05:16.284755,unit_price must be greater than 0,ORD-0004056,CUST-000050,P-PRD-107,3,-199.0,0.15,-597.0,2026-04-24 09:50:44,Refunded,Wallet
Q-pipe-20260817170515-c0ef-orders-00241,pipe-20260817170515-c0ef,orders,2026-08-17T17:05:16.284755,order_status not in allowed business statuses,ORD-0002519,CUST-000258,P-PRD-103,2,189.0,0.0,378.0,2026-04-30 14:26:54,UNKNOWN_ERROR_STATUS,Wallet
Q-pipe-20260817170515-c0ef-orders-00242,pipe-20260817170515-c0ef,orders,2026-08-17T17:05:16.284755,quantity must be greater than 0,ORD-0001500,CUST-000087,P-PRD-112,-5,179.0,0.0,-895.0,2026-03-26 20:52:00,Refunded,Debit Card
Q-pipe-20260817170515-c0ef-orders-00243,pipe-20260817170515-c0ef,orders,2026-08-17T17:05:16.284755,orphaned customer_id (not in customer master),ORD-0004064,CUST-ORPHAN-988283,P-PRD-107,2,199.0,0.05,378.1,2026-08-02 13:07:24,Shipped,Credit Card
Q-pipe-20260817170515-c0ef-orders-00244,pipe-20260817170515-c0ef,orders,2026-08-17T17:05:16.284755,unit_price must be greater than 0,ORD-0004577,CUST-000274,P-PRD-111,2,-249.0,0.2,-498.0,2026-04-03 04:19:16,Pending,Cash on Delivery
Q-pipe-20260817170515-c0ef-orders-00245,pipe-20260817170515-c0ef,orders,2026-08-17T17:05:16.284755,invalid or unparseable order_date format,ORD-0001505,CUST-000327,P-PRD-112,1,179.0,0.2,143.2,2026-99-99 25:99:99,Processing,Cash on Delivery
Q-pipe-20260817170515-c0ef-orders-00246,pipe-20260817170515-c0ef,orders,2026-08-17T17:05:16.284755,invalid or unparseable order_date format,ORD-0004582,CUST-000463,P-PRD-103,1,189.0,0.0,189.0,2026-99-99 25:99:99,Shipped,Credit Card
Q-pipe-20260817170515-c0ef-orders-00247,pipe-20260817170515-c0ef,orders,2026-08-17T17:05:16.284755,unit_price must be greater than 0,ORD-0000999,CUST-000271,P-PRD-112,4,-179.0,0.0,-716.0,2026-05-16 09:15:08,Refunded,Cash on Delivery
Q-pipe-20260817170515-c0ef-orders-00248,pipe-20260817170515-c0ef,orders,2026-08-17T17:05:16.284755,customer_id is null | orphaned customer_id (not in customer master),ORD-0002536,,P-PRD-101,2,2499.0,0.05,4748.1,2026-05-23 05:53:59,Shipped,Wallet
Q-pipe-20260817170515-c0ef-orders-00249,pipe-20260817170515-c0ef,orders,2026-08-17T17:05:16.284755,invalid or unparseable order_date format,ORD-0004071,CUST-000130,P-PRD-101,3,2499.0,0.0,7497.0,2026-99-99 25:99:99,Cancelled,Cash on Delivery
Q-pipe-20260817170515-c0ef-orders-00250,pipe-20260817170515-c0ef,orders,2026-08-17T17:05:16.284755,duplicate order_id,ORD-0000490,CUST-000498,P-PRD-103,2,189.0,0.1,340.2,2026-06-25 08:07:21,Shipped,Debit Card
Q-pipe-20260817170515-c0ef-orders-00251,pipe-20260817170515-c0ef,orders,2026-08-17T17:05:16.284755,quantity must be greater than 0,ORD-0001515,CUST-000392,P-PRD-110,-3,3500.0,0.05,-10500.0,2026-02-27 20:37:18,Completed,Credit Card
Q-pipe-20260817170515-c0ef-orders-00252,pipe-20260817170515-c0ef,orders,2026-08-17T17:05:16.284755,invalid or unparseable order_date format,ORD-0003564,CUST-000232,P-PRD-102,1,899.0,0.0,899.0,2026-99-99 25:99:99,Cancelled,Cash on Delivery
Q-pipe-20260817170515-c0ef-orders-00253,pipe-20260817170515-c0ef,orders,2026-08-17T17:05:16.284755,invalid or unparseable order_date format,ORD-0004075,CUST-000371,P-PRD-110,1,3500.0,0.0,3500.0,2026-99-99 25:99:99,Refunded,Wallet
Q-pipe-20260817170515-c0ef-orders-00254,pipe-20260817170515-c0ef,orders,2026-08-17T17:05:16.284755,orphaned customer_id (not in customer master),ORD-0002022,CUST-ORPHAN-930059,P-PRD-107,2,199.0,0.2,318.4,2026-06-21 16:13:17,Completed,UPI
Q-pipe-20260817170515-c0ef-orders-00255,pipe-20260817170515-c0ef,orders,2026-08-17T17:05:16.284755,orphaned customer_id (not in customer master),ORD-0001007,CUST-ORPHAN-912217,P-PRD-104,1,299.0,0.2,239.2,2026-07-12 18:43:17,Cancelled,Net Banking
Q-pipe-20260817170515-c0ef-orders-00256,pipe-20260817170515-c0ef,orders,2026-08-17T17:05:16.284755,unit_price must be greater than 0,ORD-0002544,CUST-000296,P-PRD-103,1,-189.0,0.1,-189.0,2026-06-26 19:29:21,Pending,Credit Card
Q-pipe-20260817170515-c0ef-orders-00257,pipe-20260817170515-c0ef,orders,2026-08-17T17:05:16.284755,order_status not in allowed business statuses,ORD-0004076,CUST-000417,P-PRD-101,1,2499.0,0.0,2499.0,2026-03-05 03:05:39,UNKNOWN_ERROR_STATUS,UPI
Q-pipe-20260817170515-c0ef-orders-00258,pipe-20260817170515-c0ef,orders,2026-08-17T17:05:16.284755,duplicate order_id,ORD-0001012,CUST-000119,P-PRD-104,3,299.0,0.05,852.15,2026-04-01 11:21:04,Cancelled,Cash on Delivery
Q-pipe-20260817170515-c0ef-orders-00259,pipe-20260817170515-c0ef,orders,2026-08-17T17:05:16.284755,order_status not in allowed business statuses,ORD-0001013,CUST-000268,P-PRD-106,1,1200.0,0.0,1200.0,2026-05-04 06:12:23,UNKNOWN_ERROR_STATUS,Net Banking
Q-pipe-20260817170515-c0ef-orders-00260,pipe-20260817170515-c0ef,orders,2026-08-17T17:05:16.284755,quantity must be greater than 0,ORD-0001526,CUST-000086,P-PRD-101,0,2499.0,0.05,0.0,2026-04-27 09:25:58,Shipped,UPI
Q-pipe-20260817170515-c0ef-orders-00261,pipe-20260817170515-c0ef,orders,2026-08-17T17:05:16.284755,order_status not in allowed business statuses,ORD-0001524,CUST-000325,P-PRD-106,1,1200.0,0.1,1080.0,2026-03-12 06:00:08,UNKNOWN_ERROR_STATUS,Net Banking
Q-pipe-20260817170515-c0ef-orders-00262,pipe-20260817170515-c0ef,orders,2026-08-17T17:05:16.284755,order_status not in allowed business statuses,ORD-0001527,CUST-000338,P-PRD-102,1,899.0,0.0,899.0,2026-07-27 17:28:35,UNKNOWN_ERROR_STATUS,Wallet
Q-pipe-20260817170515-c0ef-orders-00263,pipe-20260817170515-c0ef,orders,2026-08-17T17:05:16.284755,orphaned customer_id (not in customer master),ORD-0003577,CUST-ORPHAN-911262,P-PRD-102,2,899.0,0.0,1798.0,2026-07-12 16:09:08,Completed,UPI
Q-pipe-20260817170515-c0ef-orders-00264,pipe-20260817170515-c0ef,orders,2026-08-17T17:05:16.284755,quantity must be greater than 0,ORD-0003066,CUST-000164,P-PRD-103,0,189.0,0.0,0.0,2026-05-06 08:36:54,Completed,Debit Card
Q-pipe-20260817170515-c0ef-orders-00265,pipe-20260817170515-c0ef,orders,2026-08-17T17:05:16.284755,order_status not in allowed business statuses,ORD-0002039,CUST-000305,P-PRD-109,2,550.0,0.0,1100.0,2026-03-01 12:59:33,UNKNOWN_ERROR_STATUS,Cash on Delivery
Q-pipe-20260817170515-c0ef-orders-00266,pipe-20260817170515-c0ef,orders,2026-08-17T17:05:16.284755,duplicate order_id,ORD-0001012,CUST-000481,P-PRD-108,1,750.0,0.05,712.5,2026-07-17 15:25:20,Cancelled,Net Banking
